"Read Details","Loe lähemalt",module,Magento_AdminNotification
"Mark as Read","Märgi loetuks",module,Magento_AdminNotification
"Are you sure?",Kindel?,module,Magento_AdminNotification
Remove,Eemalda,module,Magento_AdminNotification
"Messages Inbox","Saabunud teated",module,Magento_AdminNotification
"You have %1 new system messages","Teil on %1 uut sõnumit",module,Magento_AdminNotification
"You have %1 new system message","Teile on %1 uus sõnum",module,Magento_AdminNotification
"Incoming Message","Uus sõnum",module,Magento_AdminNotification
close,sulge,module,Magento_AdminNotification
Notifications,Teavitused,module,Magento_AdminNotification
"The message has been marked as Read.","Sõnum on märgitud loetuks.",module,Magento_AdminNotification
"We couldn't mark the notification as Read because of an error.","Me ei saa märkida sõnumit loetuks vea tõttu.",module,Magento_AdminNotification
"Please select messages.","Vali sõnumid.",module,Magento_AdminNotification
"A total of %1 record(s) have been marked as Read.","%1 kirjet on märgitud loetuks.",module,Magento_AdminNotification
"Total of %1 record(s) have been removed.","Kokku %1 kirje(t) kustutati.",module,Magento_AdminNotification
"We couldn't remove the messages because of an error.","Me ei saanud tõrke tõttu sõnumeid eemaldada.",module,Magento_AdminNotification
"The message has been removed.","Sõnum on kustutatud.",module,Magento_AdminNotification
"1 Hour","1 tund",module,Magento_AdminNotification
"2 Hours","2 tundi",module,Magento_AdminNotification
"6 Hours","6 tundi",module,Magento_AdminNotification
"12 Hours","12 tundi",module,Magento_AdminNotification
"24 Hours","24 tundi",module,Magento_AdminNotification
critical,kriitiline,module,Magento_AdminNotification
major,oluline,module,Magento_AdminNotification
minor,tühine,module,Magento_AdminNotification
notice,teavitus,module,Magento_AdminNotification
"Wrong message type","Vale sõnumi tüüp",module,Magento_AdminNotification
"Please go to <a href=""%1"">Cache Management</a> and refresh cache types.","Palun minge <a href=""%1""> Vahemälu haldamisse</a> ja värskenda vahemälu tüübid.",module,Magento_AdminNotification
"Synchronization of media storages has been completed.","Meedia hoiukohta sünkroonimine on lõpule viidud.",module,Magento_AdminNotification
Close,Sulge,module,Magento_AdminNotification
"Critical System Messages","Kriitilised süsteemisõnumid",module,Magento_AdminNotification
"Major System Messages","Üldised süsteemisõnumid",module,Magento_AdminNotification
"System messages",Süsteemisõnumid,module,Magento_AdminNotification
"You created the order.","Te lõite tellimuse.",module,Magento_Authorizenet
"Payment voiding error.","Makse tühistamise viga.",module,Magento_Authorizenet
"Payment refunding error.","Makse tagastamise viga.",module,Magento_Authorizenet
"Credit Card Type","Krediitkaardi tüüp",module,Magento_Authorizenet
"Expiration Date",Aegumiskuupäev,module,Magento_Authorizenet
"Invalid Form Key. Please refresh the page.","Palun laadige leht uuesti. Sobimatu vormi võti.",module,Magento_Backend
"Flush Magento Cache","Tühjenda Magento vahemälu",module,Magento_Backend
Orders,Tellimused,module,Magento_Backend
"New Customers","Uus klient",module,Magento_Backend
Customers,Kliendid,module,Magento_Backend
Customer,Klient,module,Magento_Backend
Total,Kokku,module,Magento_Backend
Average,Keskmine,module,Magento_Backend
Product,Toode,module,Magento_Backend
Price,Hind,module,Magento_Backend
Quantity,Kogus,module,Magento_Backend
"Images (.gif, .jpg, .png)","Pildid (.gif, .jpg, .png)",module,Magento_Backend
"Media (.avi, .flv, .swf)","Meedia (.avi, .flv, .swf)",module,Magento_Backend
"All Files","Kõik failid",module,Magento_Backend
"All Store Views","Kõik poevaated",module,Magento_Backend
"My Account","Minu konto",module,Magento_Backend
"Account Information","Konto andmed",module,Magento_Backend
"User Name",Kasutajatunnus,module,Magento_Backend
"First Name",Eesnimi,module,Magento_Backend
"Last Name",Perekonnanimi,module,Magento_Backend
Email,E-post,module,Magento_Backend
"New Password","Uus salasõna",module,Magento_Backend
"Password Confirmation","Salasõna kinnitus",module,Magento_Backend
Refresh,Värskenda,module,Magento_Backend
Disable,Keela,module,Magento_Backend
Enable,Luba,module,Magento_Backend
Back,Tagasi,module,Magento_Backend
Delete,Kustuta,module,Magento_Backend
"Are you sure?",Kindel?,module,Magento_Backend
Save,Salvesta,module,Magento_Backend
"General Settings","Üldised seaded",module,Magento_Backend
Store,Pood,module,Magento_Backend
"-- Please Select --","-- Vali --",module,Magento_Backend
"Date From","Alates kuupäevast",module,Magento_Backend
"Date To","Kuni kuupäevani",module,Magento_Backend
Cancel,Tühista,module,Magento_Backend
Yes,Jah,module,Magento_Backend
No,Ei,module,Magento_Backend
"Delete Store","Kustuta pood",module,Magento_Backend
"Save Store","Salvesta pood",module,Magento_Backend
"Save Store View","Salvesta poevaade",module,Magento_Backend
"Delete Store View","Kustuta poevaade",module,Magento_Backend
"Edit Store","Muuda poodi",module,Magento_Backend
"New Store","Uus pood",module,Magento_Backend
"Edit Store View","Muuda poevaadet",module,Magento_Backend
"New Store View","Uus poevaade",module,Magento_Backend
Name,Nimi,module,Magento_Backend
"Root Category",Juurkategooria,module,Magento_Backend
Code,Kood,module,Magento_Backend
Status,Staatus,module,Magento_Backend
Disabled,Keelatud,module,Magento_Backend
Enabled,Lubatud,module,Magento_Backend
"Sort Order","Sorteerimise järjekord",module,Magento_Backend
Search,Otsi,module,Magento_Backend
"All Countries","Kõik riigid",module,Magento_Backend
"Add New","Lisa uus",module,Magento_Backend
Export,Eksport,module,Magento_Backend
Submit,Saada,module,Magento_Backend
"The JavaScript/CSS cache has been cleaned.","JavaScripti/CSS vahemälu on puhastatud.",module,Magento_Backend
"An error occurred while clearing the JavaScript/CSS cache.","JavaScripti/CSS-i vahemälu puhastamisel ilmnes viga.",module,Magento_Backend
"You flushed the cache storage.","Vahemälu hoidla tühjendatud.",module,Magento_Backend
"The Magento cache storage has been flushed.","Magento vahemälu hoida puhastatud.",module,Magento_Backend
"Cache Management","Vahemälu haldus",module,Magento_Backend
Dashboard,Töölaud,module,Magento_Backend
Error,Viga,module,Magento_Backend
"Store Design",Poekujundus,module,Magento_Backend
System,Süsteem,module,Magento_Backend
"Manage Stores","Halda poode",module,Magento_Backend
"The database was backed up.","Andmebaas varundatud.",module,Magento_Backend
"Store View",Poevaade,module,Magento_Backend
"Unable to delete store view. Please, try again later.","Poevaate kustutamine ebaõnnestus. Proovi uuesti.",module,Magento_Backend
"The store does not exist","Poodi ei leitud",module,Magento_Backend
"Last 24 Hours","Viimased 24 tundi",module,Magento_Backend
"Last 7 Days","Viimased seitse päeva",module,Magento_Backend
YTD,"Aasta algusest",module,Magento_Backend
2YTD,"Eelmise aasta algusest",module,Magento_Backend
Order,Tellimus,module,Magento_Backend
"Order #%1","Tellimus #%1",module,Magento_Backend
"Access denied","Ligipääs keelatud",module,Magento_Backend
"user name",kasutajatunnus,module,Magento_Backend
password,salasõna,module,Magento_Backend
Close,Sulge,module,Magento_Backend
Previous,Eelmine,module,Magento_Backend
Next,Järgmine,module,Magento_Backend
"Flush Catalog Images Cache","Puhasta tootekataloogi piltide vahemälu",module,Magento_Backend
"Flush JavaScript/CSS Cache","Puhasta JavaScripti/CSS-i vahemälu",module,Magento_Backend
Catalog,Kataloog,module,Magento_Backend
Images,Pildid,module,Magento_Backend
"Big Image","Suur pilt",module,Magento_Backend
"Previous page","Eelmine leht",module,Magento_Backend
"Next page","Järgmine leht",module,Magento_Backend
Actions,Toimingud,module,Magento_Backend
"System Backup","Varukoopia süsteemist",module,Magento_Backup
"Database and Media Backup","Varukoopia andmebaasist ja meediast",module,Magento_Backup
"Database Backup","Varukoopia andmebaasist",module,Magento_Backup
"The archive can be uncompressed with <a href=""%1"">%2</a> on Windows systems.","Arhiivi <a href=""%1"">%2</a> võib lahti pakkida Windowsi süsteemides.",module,Magento_Backup
System,Süsteem,module,Magento_Backup
Database,Andmebaas,module,Magento_Backup
"Database and Media","Andmebaas ja meedia",module,Magento_Backup
"System (excluding Media)","Süsteem ilma meediata",module,Magento_Backup
"User Password",Salasõna,module,Magento_Backup
"Use FTP Connection","Kasuta FTP ühendust",module,Magento_Backup
"FTP credentials","FTP andmed",module,Magento_Backup
"FTP Host","FTP aadress",module,Magento_Backup
"FTP Login","FTP kasutaja",module,Magento_Backup
"FTP Password","FTP salasõna",module,Magento_Backup
"Magento root directory","Magento juurkataloog",module,Magento_Backup
Country,Riik,module,Magento_Braintree
"Allowed Credit Card Types","Lubatud krediitkaarditüübid",module,Magento_Braintree
"Add Rule","Lisa reegel",module,Magento_Braintree
"Credit Card Type","Krediitkaardi tüüp",module,Magento_Braintree
"Delete Credit Card","Kustuta krediitkaart",module,Magento_Braintree
"Credit card successfully deleted","Krediitkaart edukalt kustutatud",module,Magento_Braintree
"Edit Credit Card","Muuda krediitkaarti",module,Magento_Braintree
"My Credit Cards","Minu krediitkaardid",module,Magento_Braintree
"There was error during saving card data","Kaardiandmete salvestamisel ilmnes viga",module,Magento_Braintree
"Expiration Date",Aegumiskuupäev,module,Magento_Braintree
Delete,Kustuta,module,Magento_Braintree
Back,Tagasi,module,Magento_Braintree
"* Required Fields","* Kohustuslikud väljad",module,Magento_Braintree
CVV,"Kontrollkood (CVV)",module,Magento_Braintree
"Billing Address",Arveldusaadress,module,Magento_Braintree
"First Name",Eesnimi,module,Magento_Braintree
"Last Name",Perekonnanimi,module,Magento_Braintree
Company,Ettevõte,module,Magento_Braintree
City,Linn,module,Magento_Braintree
State/Province,Osariik/maakond,module,Magento_Braintree
Submit,Saada,module,Magento_Braintree
Type,Tüüp,module,Magento_Braintree
Actions,Toimingud,module,Magento_Braintree
Yes,Jah,module,Magento_Braintree
No,Ei,module,Magento_Braintree
Edit,Muuda,module,Magento_Braintree
"Percent Discount","Protsenti allahindlust",module,Magento_Bundle
Dynamic,Dünaamiline,module,Magento_Bundle
Fixed,Fikseeritud,module,Magento_Bundle
Close,Sulge,module,Magento_Bundle
Product,Toode,module,Magento_Bundle
SKU,Laokood,module,Magento_Bundle
Price,Hind,module,Magento_Bundle
Delete,Kustuta,module,Magento_Bundle
"Use Default Value","Kasuta vaikeväärtust",module,Magento_Bundle
"As Low as",Alates,module,Magento_Bundle
Percent,Protsent,module,Magento_Bundle
Separately,Eraldi,module,Magento_Bundle
Together,Koos,module,Magento_Bundle
Name,Nimi,module,Magento_Bundle
Shipped,Saadetud,module,Magento_Bundle
Canceled,Tühistatud,module,Magento_Bundle
"As low as",Alates,module,Magento_Bundle
"Customize and Add to Cart","Kohanda ja lisa ostukorvi",module,Magento_Bundle
"* Required Fields","* Kohustuslikud väljad",module,Magento_Bundle
Availability,Saadavus,module,Magento_Bundle
"In stock",Laos,module,Magento_Bundle
"Out of stock","Laost otsas",module,Magento_Bundle
Summary,Kokkuvõte,module,Magento_Bundle
Availability:,Saadavus:,module,Magento_Bundle
"Gift Message",Kinkesõnum,module,Magento_Bundle
Message:,Sõnum:,module,Magento_Bundle
Always,Alati,module,Magento_Captcha
"Incorrect CAPTCHA","Vale CAPTCHA",module,Magento_Captcha
"Incorrect CAPTCHA.","Vale CAPTCHA.",module,Magento_Captcha
"<strong>Attention</strong>: Captcha is case sensitive.","<strong>Tähelepanu</strong>: Captcha on tõstutundlik.",module,Magento_Captcha
"Reload captcha","Lae captcha uuesti",module,Magento_Captcha
"ALL GROUPS","KÕIK GRUPID",module,Magento_CatalogInventory
"Customer Group",Kliendigrupp,module,Magento_CatalogInventory
"Minimum Qty","Minimaalne kogus",module,Magento_CatalogInventory
"Add Minimum Qty","Lisage Minimaalne kogus",module,Magento_CatalogInventory
"In Stock",Laos,module,Magento_CatalogInventory
"Out of Stock","Laost otsas",module,Magento_CatalogInventory
"Product Name","Toote nimi",module,Magento_CatalogInventory
Qty,Kogus,module,Magento_CatalogInventory
"Catalog Price Rule","Kataloogi hinnareegel",module,Magento_CatalogRule
"Add New Rule","Lisa uus reegel",module,Magento_CatalogRule
"Apply Rules","Rakenda reeglid",module,Magento_CatalogRule
"Save and Apply","Salvesta ja rakenda",module,Magento_CatalogRule
"Save and Continue Edit","Salvesta ja jätka muutmist",module,Magento_CatalogRule
"New Rule","Uus reegel",module,Magento_CatalogRule
Actions,Toimingud,module,Magento_CatalogRule
Apply,Rakenda,module,Magento_CatalogRule
No,Ei,module,Magento_CatalogRule
Yes,Jah,module,Magento_CatalogRule
Conditions,Tingimused,module,Magento_CatalogRule
"General Information",Üldinfo,module,Magento_CatalogRule
"Rule Name","Reegli nimi",module,Magento_CatalogRule
Description,Kirjeldus,module,Magento_CatalogRule
Status,Staatus,module,Magento_CatalogRule
Active,Aktiivne,module,Magento_CatalogRule
Inactive,Mitteaktiivne,module,Magento_CatalogRule
"Customer Groups",Kliendigrupid,module,Magento_CatalogRule
Priority,Prioriteet,module,Magento_CatalogRule
Type,Tüüp,module,Magento_CatalogRule
"Attribute Set",Atribuudikogum,module,Magento_CatalogRule
SKU,Laokood,module,Magento_CatalogRule
Product,Toode,module,Magento_CatalogRule
"Edit Rule","Muuda reeglit",module,Magento_CatalogRule
Catalog,Kataloog,module,Magento_CatalogRule
"Conditions Combination","Tingimuste kombinatsioon",module,Magento_CatalogRule
"Product Attribute",Tooteatribuut,module,Magento_CatalogRule
Home,Pealeht,module,Magento_CatalogSearch
"Go to Home Page",Avalehele,module,Magento_CatalogSearch
"Catalog Advanced Search","Kataloogi täppisotsing",module,Magento_CatalogSearch
All,Kõik,module,Magento_CatalogSearch
Yes,Jah,module,Magento_CatalogSearch
No,Ei,module,Magento_CatalogSearch
Results,Tulemused,module,Magento_CatalogSearch
"Please specify at least one search term.","Sisesta vähemalt üks otsisõna.",module,Magento_CatalogSearch
"Search Settings",Otsingusätted,module,Magento_CatalogSearch
Search,Otsi,module,Magento_CatalogSearch
"Advanced Search",Täppisotsing,module,Magento_CatalogSearch
"Modify your search","Muuda otsingut",module,Magento_CatalogSearch
Root,Peamine,module,Magento_Catalog
"Save Category","Salvesta kategooria",module,Magento_Catalog
"Delete Category","Kustuta kategooria",module,Magento_Catalog
"New Subcategory","Uus alamkategooria",module,Magento_Catalog
"New Root Category","Uus juurkategooria",module,Magento_Catalog
"Set Root Category for Store","Määra poe juurkategooria",module,Magento_Catalog
"Use Config Settings","Kasuta üldseadeid",module,Magento_Catalog
"Custom Design","Kohandatud disain",module,Magento_Catalog
Name,Nimi,module,Magento_Catalog
SKU,Laokood,module,Magento_Catalog
Price,Hind,module,Magento_Catalog
"Category Data","Kategooria andmed",module,Magento_Catalog
"Category Products","Kategooria tooted",module,Magento_Catalog
"Add Subcategory","Lisa alamkategooria",module,Magento_Catalog
"Add Root Category","Lisa juurkategooria",module,Magento_Catalog
Day,Päev,module,Magento_Catalog
Month,Kuu,module,Magento_Catalog
Year,Aasta,module,Magento_Catalog
"Add Product","Lisa toode",module,Magento_Catalog
"Product Attributes",Tooteatribuudid,module,Magento_Catalog
"Add New Attribute","Lisa uus atribuut",module,Magento_Catalog
"Save and Continue Edit","Salvesta ja jätka muutmist",module,Magento_Catalog
"Save Attribute","Salvesta atribuut",module,Magento_Catalog
"Delete Attribute","Kustuta atribuut",module,Magento_Catalog
"New Product Attribute","Uus tooteatribuut",module,Magento_Catalog
"Attribute Code",Atribuudikood,module,Magento_Catalog
"Default Value",Vaikeväärtus,module,Magento_Catalog
"Unique Value","Unikaalne väärtus",module,Magento_Catalog
"Unique Value (not shared with other products)","Unikaalne väärtus (ei jagata teiste toodetega)",module,Magento_Catalog
"Not shared with other products","Ei jagata teiste toodetega",module,Magento_Catalog
"Store View",Poevaade,module,Magento_Catalog
"Declare attribute value saving scope","Deklareerige atribuudi väärtuse kehtivuspiirkond",module,Magento_Catalog
"Enable WYSIWYG","Luba WYSIWYG",module,Magento_Catalog
"Depends on design theme","Sõltub kesta kujundusest",module,Magento_Catalog
"Used for Sorting in Product Listing","Kasutatav tootenimekirja sorteerimiseks",module,Magento_Catalog
Gallery,Galerii,module,Magento_Catalog
No,Ei,module,Magento_Catalog
Yes,Jah,module,Magento_Catalog
Static,Staatiline,module,Magento_Catalog
Visible,Nähtav,module,Magento_Catalog
"Web Site",Veebisait,module,Magento_Catalog
Searchable,Otsitav,module,Magento_Catalog
Comparable,Võrreldav,module,Magento_Catalog
"Delete Selected Group","Kustuta valitud grupp",module,Magento_Catalog
"Add New","Lisa uus",module,Magento_Catalog
Back,Tagasi,module,Magento_Catalog
Delete,Kustuta,module,Magento_Catalog
Save,Salvesta,module,Magento_Catalog
"Add Attribute","Lisa Atribuut",module,Magento_Catalog
"Add New Group","Lisa uus grupp",module,Magento_Catalog
"Add Group","Lisa grupp",module,Magento_Catalog
"For internal use","Sisemiseks kasutamiseks",module,Magento_Catalog
"Add New Attribute Set","Lisa uus atribuudikogum",module,Magento_Catalog
"Attribute Sets",Atribuudikogumid,module,Magento_Catalog
"Close Window","Sulge aken",module,Magento_Catalog
Attributes,Atribuudid,module,Magento_Catalog
Change,Vaheta,module,Magento_Catalog
"Category Name","Kategooria nimi",module,Magento_Catalog
"We saved the price alert subscription.","Salvestasime Teie hinnamärguandega liitumise.",module,Magento_Catalog
"We saved the stock notification.","Me salvestasime laovarudest teavitamise.",module,Magento_Catalog
"First Name",Eesnimi,module,Magento_Catalog
"Last Name",Perekonnanimi,module,Magento_Catalog
Email,E-post,module,Magento_Catalog
"New Attribute","Uus atribuut",module,Magento_Catalog
Type,Tüüp,module,Magento_Catalog
"Attribute Set",Atribuudikogum,module,Magento_Catalog
Status,Staatus,module,Magento_Catalog
Visibility,Nähtavus,module,Magento_Catalog
"Use Default","Kasuta vaikeväärtust",module,Magento_Catalog
"Add New Row","Lisa uus rida",module,Magento_Catalog
"Delete Row","Kustuta rida",module,Magento_Catalog
"Default Price",Vaikehind,module,Magento_Catalog
"ALL GROUPS","KÕIK GRUPID",module,Magento_Catalog
"Default Values",Vaikeväärtused,module,Magento_Catalog
Quantity,Kogus,module,Magento_Catalog
Edit,Muuda,module,Magento_Catalog
"Are you sure?",Kindel?,module,Magento_Catalog
"Click here or drag and drop to add images.","Pildi lisamiseks klikkige või pukseerige see.",module,Magento_Catalog
"Delete image","Kustuta pilt",module,Magento_Catalog
"Make Base","Tee baas",module,Magento_Catalog
"Images (.gif, .jpg, .png)","Pildid (.gif, .jpg, .png)",module,Magento_Catalog
"Add New Images","Lisa uued pildid",module,Magento_Catalog
Product,Toode,module,Magento_Catalog
"Go to Home Page",Avalehele,module,Magento_Catalog
"-- Please Select --","-- Vali --",module,Magento_Catalog
"New Products","Uued tooted",module,Magento_Catalog
Categories,Kategooriad,module,Magento_Catalog
"Manage Categories","Halda kategooriaid",module,Magento_Catalog
Catalog,Kataloog,module,Magento_Catalog
"Edit Product Attribute","Muuda tooteatribuuti",module,Magento_Catalog
"This product no longer exists.","Seda toodet ei eksisteeri enam,.",module,Magento_Catalog
Products,Tooted,module,Magento_Catalog
"A group with the same name already exists.","Selle nimega grupp on juba olemas.",module,Magento_Catalog
All,Kõik,module,Magento_Catalog
"Products only","Vaid tooted",module,Magento_Catalog
"Static block only","Vaid staatiline plokk",module,Magento_Catalog
"Static block and products","Staatiline plokk ja tooted",module,Magento_Catalog
"Please select a static block.","Vali staatiline plokk.",module,Magento_Catalog
Percent,Protsent,module,Magento_Catalog
"-- Please select --","-- Vali --",module,Magento_Catalog
Category,Kategooria,module,Magento_Catalog
"%1 and above","%1 ja rohkem",module,Magento_Catalog
"Use config","Kasuta seadeid",module,Magento_Catalog
Enabled,Lubatud,module,Magento_Catalog
Disabled,Keelatud,module,Magento_Catalog
"The text is too long.","Tekst on liiga pikk.",module,Magento_Catalog
"The file upload failed.","Faili üles laadimine ebaõnnestus.",module,Magento_Catalog
"Not Visible Individually","Ei kuvata eraldi",module,Magento_Catalog
Search,Otsi,module,Magento_Catalog
"Catalog, Search","Kataloog, otsing",module,Magento_Catalog
"Multiple Select",Multivalik,module,Magento_Catalog
Dropdown,Rippvalik,module,Magento_Catalog
"Are you sure you want to delete this category?","Kas olete kindel, et soovite selle kategooria kustutada?",module,Magento_Catalog
"Set root category for this store in the <a href=""%1"">configuration</a>.","Määrake selle poe Juurkategooria <a href=""%1"">konfiguratsioonis</a>.",module,Magento_Catalog
"Use Default Value","Kasuta vaikeväärtust",module,Magento_Catalog
"Manage Options (values of your attribute)","Halda valikuid (atribuudi väärtuseid)",module,Magento_Catalog
Groups,Grupid,module,Magento_Catalog
"Unassigned Attributes","Valimata atribuudid",module,Magento_Catalog
"Maximum image width","Maksimaalne pildi laius",module,Magento_Catalog
"Maximum image height","Maksimaalne pildi kõrgus",module,Magento_Catalog
"Manage Stock","Halda laoseisu",module,Magento_Catalog
Qty,Kogus,module,Magento_Catalog
Backorders,Järeltellimused,module,Magento_Catalog
"Stock Availability","Saadavus laost",module,Magento_Catalog
"In Stock",Laos,module,Magento_Catalog
"Out of Stock","Laost otsas",module,Magento_Catalog
"Maximum Image Size","Maksimaalne pildi suurus",module,Magento_Catalog
"Customer Group",Kliendigrupp,module,Magento_Catalog
Action,Toiming,module,Magento_Catalog
"Alt Text","Alt tekst",module,Magento_Catalog
Role,Roll,module,Magento_Catalog
"Close panel","Sulge paneel",module,Magento_Catalog
"Add to Cart","Lisa ostukorvi",module,Magento_Catalog
"In stock",Laos,module,Magento_Catalog
"Out of stock","Laost otsas",module,Magento_Catalog
"Remove This Item","Eemalda toode",module,Magento_Catalog
Compare,Võrdle,module,Magento_Catalog
Prev,Eelmine,module,Magento_Catalog
Next,Järgmine,module,Magento_Catalog
"Add to Compare","Lisa võrdlusesse",module,Magento_Catalog
"Learn More","Tutvu lähemalt",module,Magento_Catalog
"select all","vali kõik",module,Magento_Catalog
"* Required Fields","* Kohustuslikud väljad",module,Magento_Catalog
Availability,Saadavus,module,Magento_Catalog
"Terms and Conditions","Nõuded ja tingimused",module,Magento_CheckoutAgreements
"Add New Condition","Lisa tingimus",module,Magento_CheckoutAgreements
"Save Condition","Salvestada tingimus",module,Magento_CheckoutAgreements
"Delete Condition","Kustuta tingimus",module,Magento_CheckoutAgreements
"Edit Terms and Conditions","Muuda nõudeid ja tingimusi",module,Magento_CheckoutAgreements
Status,Staatus,module,Magento_CheckoutAgreements
Enabled,Lubatud,module,Magento_CheckoutAgreements
Disabled,Keelatud,module,Magento_CheckoutAgreements
"Store View",Poevaade,module,Magento_CheckoutAgreements
Content,Sisu,module,Magento_CheckoutAgreements
Sales,Müük,module,Magento_CheckoutAgreements
"Edit Condition","Muuda tingimust",module,Magento_CheckoutAgreements
"Shopping Cart",Ostukorv,module,Magento_Checkout
City,Linn,module,Magento_Checkout
Country,Riik,module,Magento_Checkout
State/Province,Osariik/maakond,module,Magento_Checkout
"Zip/Postal Code",Sihtnumber,module,Magento_Checkout
"The coupon code ""%1"" is not valid.","Sooduskood ""%1"" on kehtetu.",module,Magento_Checkout
"Cancel Coupon","Eemalda kupong",module,Magento_Checkout
Price,Hind,module,Magento_Checkout
Qty,Kogus,module,Magento_Checkout
"Continue Shopping","Jätka ostlemist",module,Magento_Checkout
"Clear Shopping Cart","Tühjenda ostukorv",module,Magento_Checkout
"What's this?","Mis see on?",module,Magento_Checkout
Edit,Muuda,module,Magento_Checkout
"Remove item","Eemalda toode",module,Magento_Checkout
"Excl. Tax","Ilma maksuta",module,Magento_Checkout
"Order #","Tellimus #",module,Magento_Checkout
"Product Name","Toote nimi",module,Magento_Checkout
"Incl. Tax","Koos maksuga",module,Magento_Checkout
"Static Blocks","Staatilised plokid",module,Magento_Cms
"Add New Block","Lisa uus plokk",module,Magento_Cms
"Delete Block","Kustuta plokk",module,Magento_Cms
"Save and Continue Edit","Salvesta ja jätka muutmist",module,Magento_Cms
"New Block","Uus plokk",module,Magento_Cms
"General Information",Üldinfo,module,Magento_Cms
"Store View",Poevaade,module,Magento_Cms
Status,Staatus,module,Magento_Cms
Enabled,Lubatud,module,Magento_Cms
Disabled,Keelatud,module,Magento_Cms
Content,Sisu,module,Magento_Cms
"Add New Page","Lisa uus leht",module,Magento_Cms
"New Page","Uus leht",module,Magento_Cms
"-- Please Select --","-- Vali --",module,Magento_Cms
Design,Kujundus,module,Magento_Cms
Description,Kirjeldus,module,Magento_Cms
Action,Toiming,module,Magento_Cms
Preview,Eelvaade,module,Magento_Cms
"Media Storage","Meedia hoidla",module,Magento_Cms
"Go to Home Page",Avalehele,module,Magento_Cms
CMS,Sisuhaldus,module,Magento_Cms
Pages,Lehed,module,Magento_Cms
"New attribute set name","Uus atribuudi kogumi nimi",module,Magento_ConfigurableProduct
Select,Vali,module,Magento_ConfigurableProduct
Price,Hind,module,Magento_ConfigurableProduct
Quantity,Kogus,module,Magento_ConfigurableProduct
Image,Pilt,module,Magento_ConfigurableProduct
Name,Nimi,module,Magento_ConfigurableProduct
SKU,Laokood,module,Magento_ConfigurableProduct
Confirm,Kinnita,module,Magento_ConfigurableProduct
Cancel,Tühista,module,Magento_ConfigurableProduct
"* Required Fields","* Kohustuslikud väljad",module,Magento_Contact
Name,Nimi,module,Magento_Contact
Email,E-post,module,Magento_Contact
Submit,Saada,module,Magento_Contact
Daily,"Iga päev",module,Magento_Cron
Weekly,"Iga nädal",module,Magento_Cron
Monthly,"Iga kuu",module,Magento_Cron
"Save Currency Rates","Salvesta valuutakursid",module,Magento_CurrencySymbol
Reset,Tühista,module,Magento_CurrencySymbol
"Manage Currency Rates","Halda valuutakursse",module,Magento_CurrencySymbol
System,Süsteem,module,Magento_CurrencySymbol
"You subscribe to our newsletter.","Liitute meie uudiskirjaga.",module,Magento_Customer
"You have not set a default billing address.","Vaikimisi arveldusaadressi pole valitud.",module,Magento_Customer
"Address Book",Aadressiraamat,module,Magento_Customer
"Edit Address","Muuda aadressi",module,Magento_Customer
"Add New Address","Lisa uus aadress",module,Magento_Customer
"Create Order","Uus tellimus",module,Magento_Customer
"Save and Continue Edit","Salvesta ja jätka muutmist",module,Magento_Customer
Back,Tagasi,module,Magento_Customer
Product,Toode,module,Magento_Customer
SKU,Laokood,module,Magento_Customer
Quantity,Kogus,module,Magento_Customer
Price,Hind,module,Magento_Customer
Total,Kokku,module,Magento_Customer
Action,Toiming,module,Magento_Customer
Configure,Seadista,module,Magento_Customer
Delete,Kustuta,module,Magento_Customer
Newsletter,Uudiskiri,module,Magento_Customer
"End Date",Lõppkuupäev,module,Magento_Customer
Status,Staatus,module,Magento_Customer
Cancel,Tühista,module,Magento_Customer
View,Kuva,module,Magento_Customer
Order,Tellimus,module,Magento_Customer
Qty,Kogus,module,Magento_Customer
Never,"Mitte kunagi",module,Magento_Customer
No,Ei,module,Magento_Customer
Yes,Jah,module,Magento_Customer
Download,"Lae alla",module,Magento_Customer
"All countries","Kõik riigid",module,Magento_Customer
"Customer Groups",Kliendigrupid,module,Magento_Customer
"Account Information","Konto andmed",module,Magento_Customer
"My Account","Minu konto",module,Magento_Customer
Customers,Kliendid,module,Magento_Customer
"Manage Customers","Halda kliente",module,Magento_Customer
"Please enter the first name.","Sisesta eesnimi.",module,Magento_Customer
"Please enter the last name.","Sisesta perekonnanimi.",module,Magento_Customer
"Billing Address",Arveldusaadress,module,Magento_Customer
"Shipping Address",Tarneaadress,module,Magento_Customer
"-- Please Select --","-- Vali --",module,Magento_Customer
"Customer Group",Kliendigrupp,module,Magento_Customer
"PHP SOAP extension is required.","Puudub PHP SOAP laiendus.",module,Magento_Customer
Edit,Muuda,module,Magento_Customer
Customer,Klient,module,Magento_Customer
Store,Pood,module,Magento_Customer
"Store View",Poevaade,module,Magento_Customer
"All Store Views","Kõik poevaated",module,Magento_Customer
Change,Vaheta,module,Magento_Customer
"Manage Addresses","Halda aadresse",module,Magento_Customer
"Change Password","Muuda salasõna",module,Magento_Customer
"Default Addresses",Vaikeaadress,module,Magento_Customer
"Change Billing Address","Muuda arveldusaadressi",module,Magento_Customer
"Change Shipping Address","Muuda tarneaadressi",module,Magento_Customer
"Delete Address","Kustuta aadress",module,Magento_Customer
"* Required Fields","* Kohustuslikud väljad",module,Magento_Customer
Company,Ettevõte,module,Magento_Customer
Fax,Faks,module,Magento_Customer
Address,Aadress,module,Magento_Customer
"Street Address","Tänav, maja",module,Magento_Customer
City,Linn,module,Magento_Customer
State/Province,Osariik/maakond,module,Magento_Customer
"Zip/Postal Code",Sihtnumber,module,Magento_Customer
Country,Riik,module,Magento_Customer
"Save Address","Salvesta aadress",module,Magento_Customer
Email,E-post,module,Magento_Customer
"Current Password","Kehtiv salasõna",module,Magento_Customer
"New Password","Uus salasõna",module,Magento_Customer
"Confirm New Password","Kinnita uus salasõna",module,Magento_Customer
Save,Salvesta,module,Magento_Customer
Submit,Saada,module,Magento_Customer
"Registered Customers","Registreerunud kliendid",module,Magento_Customer
Password,Salasõna,module,Magento_Customer
"Forgot Your Password?","Unustasid salasõna?",module,Magento_Customer
"Sign Up for Newsletter","Liitu uudiskirjaga",module,Magento_Customer
"Confirm Password","Kinnita salasõna",module,Magento_Customer
"New Customers","Uus klient",module,Magento_Customer
Gender,Sugu,module,Magento_Customer
Name,Nimi,module,Magento_Customer
"Server side less compilation","Serveri poolel vähem kompileerimist",module,Magento_Developer
Pounds,Naela,module,Magento_Dhl
Kilograms,Kilogrammi,module,Magento_Dhl
Centimeters,Sentimeetrit,module,Magento_Dhl
Height,Kõrgus,module,Magento_Dhl
Depth,Sügavus,module,Magento_Dhl
Width,Laius,module,Magento_Dhl
State/Province,Osariik/maakond,module,Magento_Directory
"Undefined rate from ""%1-%2"".","Määratlemata määr: ""%1-%2"".",module,Magento_Directory
Currency,Valuuta,module,Magento_Directory
Continue,Jätka,module,Magento_Directory
"Downloadable Information","Allalaaditav teave",module,Magento_Downloadable
"Upload Files","Lae üles faile",module,Magento_Downloadable
"All Files","Kõik failid",module,Magento_Downloadable
Unlimited,Piiramatu,module,Magento_Downloadable
"Something went wrong while getting the requested content.","Küsisime sisu, aga midagi läks valesti.",module,Magento_Downloadable
"My Downloadable Products","Minu digitaalsed tooted",module,Magento_Downloadable
"The link has expired.","Link on aegunud.",module,Magento_Downloadable
Pending,Ootel,module,Magento_Downloadable
sample,näidis,module,Magento_Downloadable
Title,Pealkiri,module,Magento_Downloadable
"Use Default Value","Kasuta vaikeväärtust",module,Magento_Downloadable
"Sort Order","Sorteerimise järjekord",module,Magento_Downloadable
Price,Hind,module,Magento_Downloadable
Sample,Näidis,module,Magento_Downloadable
Shareable,Jagatav,module,Magento_Downloadable
File,Fail,module,Magento_Downloadable
Delete,Kustuta,module,Magento_Downloadable
SKU,Laokood,module,Magento_Downloadable
Availability,Saadavus,module,Magento_Downloadable
"In stock",Laos,module,Magento_Downloadable
"Out of stock","Laost otsas",module,Magento_Downloadable
"Order #","Tellimus #",module,Magento_Downloadable
Date,Kuupäev,module,Magento_Downloadable
Status,Staatus,module,Magento_Downloadable
"View Order","Vaata tellimust",module,Magento_Downloadable
"Start Download","Allalaadimise alustamine",module,Magento_Downloadable
Back,Tagasi,module,Magento_Downloadable
"Gift Message",Kinkesõnum,module,Magento_Downloadable
Message:,Sõnum:,module,Magento_Downloadable
Qty,Kogus,module,Magento_Downloadable
Shipped,Saadetud,module,Magento_Downloadable
Canceled,Tühistatud,module,Magento_Downloadable
"Attribute Properties","Atribuudi sätted",module,Magento_Eav
"Default label",Vaikeväärtus,module,Magento_Eav
"Attribute Code",Atribuudikood,module,Magento_Eav
"Catalog Input Type for Store Owner","Kataloogi sisendi tüüp kaupluse omaniku jaoks",module,Magento_Eav
"Values Required","Kuhustuslikud väärtused",module,Magento_Eav
"Default Value",Vaikeväärtus,module,Magento_Eav
"Unique Value","Unikaalne väärtus",module,Magento_Eav
"Unique Value (not shared with other products)","Unikaalne väärtus (ei jagata teiste toodetega)",module,Magento_Eav
Yes,Jah,module,Magento_Eav
No,Ei,module,Magento_Eav
System,Süsteem,module,Magento_Eav
Email,E-post,module,Magento_Eav
Date,Kuupäev,module,Magento_Eav
Yes/No,Jah/ei,module,Magento_Eav
"Multiple Select",Multivalik,module,Magento_Eav
Dropdown,Rippvalik,module,Magento_Eav
"Unknown parameter","Tundmatu parameeter",module,Magento_Eav
"Invalid default date","Sobimatu vaikekuupäev",module,Magento_Eav
"Invalid date","Sobimatu kuupäev",module,Magento_Eav
"Invalid attribute type","Sobimatu atribuuditüüp",module,Magento_Eav
"Add New Template","Lisa uus mall",module,Magento_Email
Back,Tagasi,module,Magento_Email
Reset,Tühista,module,Magento_Email
"Convert to Plain Text","Muuda lihttekstiks",module,Magento_Email
Preview,Eelvaade,module,Magento_Email
"Email Templates","E-posti põhjad",module,Magento_Email
"General Contact Name","Üldkontakti nimi",module,Magento_Email
"General Contact Email","Üldkontakti e-posti aadress",module,Magento_Email
"Sales Representative Contact Name","Müügiesindaja nimi",module,Magento_Email
"Sales Representative Contact Email","Müügiesindaja e-posti aadress",module,Magento_Email
Country,Riik,module,Magento_Email
"Zip/Postal Code",Sihtnumber,module,Magento_Email
City,Linn,module,Magento_Email
"Change Encryption Key","Muuda krüptovõtit",module,Magento_EncryptionKey
"Encryption Key",Krüpteerimisvõti,module,Magento_EncryptionKey
"New Encryption Key","Uus krüpteerimisvõti",module,Magento_EncryptionKey
"The encryption key is used to protect passwords and other sensitive data.","Krüptovõtmega saab kaitsta paroole ja muid tundlikke andmeid.",module,Magento_EncryptionKey
No,Ei,module,Magento_EncryptionKey
Yes,Jah,module,Magento_EncryptionKey
"New Key","Uus võti",module,Magento_EncryptionKey
"Europe First Priority","Euroopa esimene prioriteet",module,Magento_Fedex
"2 Day Freight","2 päeva tarne",module,Magento_Fedex
"2 Day","2 päeva",module,Magento_Fedex
"3 Day Freight","3 päeva tarne",module,Magento_Fedex
Message,Sõnum,module,Magento_GiftMessage
Cancel,Tühista,module,Magento_GiftMessage
"Gift Message",Kinkesõnum,module,Magento_GiftMessage
Dynamic,Dünaamiline,module,Magento_GoogleAdwords
"Conversion Color value is not valid ""%1"". Please set hexadecimal 6-digit value.","Konverteerimise värvi väärtus pole kehtiv ""%1"". Seadke kuueteistkümnendsüsteemis 6-kohaline kood.",module,Magento_GoogleAdwords
"Product View Optimization","Toote Kuva optimeerimine",module,Magento_GoogleOptimizer
"Grouped Products","Grupeeritud tooted",module,Magento_GroupedProduct
Availability:,Saadavus:,module,Magento_GroupedProduct
"Out of stock","Laost otsas",module,Magento_GroupedProduct
SKU,Laokood,module,Magento_GroupedProduct
"Product Name","Toote nimi",module,Magento_GroupedProduct
Price,Hind,module,Magento_GroupedProduct
Qty,Kogus,module,Magento_GroupedProduct
Name,Nimi,module,Magento_GroupedProduct
Availability,Saadavus,module,Magento_GroupedProduct
"In stock",Laos,module,Magento_GroupedProduct
Export,Eksport,module,Magento_ImportExport
"Export Settings","Ekspordi seaded",module,Magento_ImportExport
"Entity Type","Olemi tüüp",module,Magento_ImportExport
To,Kuni,module,Magento_ImportExport
"Attribute Code",Atribuudikood,module,Magento_ImportExport
Import/Export,Import/eksport,module,Magento_ImportExport
Status,Staatus,module,Magento_ImportExport
"-- Please Select --","-- Vali --",module,Magento_ImportExport
Continue,Jätka,module,Magento_ImportExport
"Indexer Management","Indekseerija haldus",module,Magento_Indexer
"Update on Save","Uuenda salvestamisel",module,Magento_Indexer
Processing,Töötlemises,module,Magento_Indexer
Never,"Mitte kunagi",module,Magento_Indexer
"Index Management",Indeksihaldus,module,Magento_Indexer
Integrations,Integratsioonid,module,Magento_Integration
Save,Salvesta,module,Magento_Integration
"New Integration","Uus Integreeratsioon",module,Magento_Integration
Name,Nimi,module,Magento_Integration
Email,E-post,module,Magento_Integration
Remove,Eemalda,module,Magento_Integration
View,Kuva,module,Magento_Integration
Edit,Muuda,module,Magento_Integration
Inactive,Mitteaktiivne,module,Magento_Integration
Active,Aktiivne,module,Magento_Integration
No,Ei,module,Magento_LayeredNavigation
Previous,Eelmine,module,Magento_LayeredNavigation
"Remove This Item","Eemalda toode",module,Magento_LayeredNavigation
"Platinum Partners","Platinum partnerid",module,Magento_Marketplace
"File system",Failisüsteem,module,Magento_MediaStorage
"Change Billing Address","Muuda arveldusaadressi",module,Magento_Multishipping
"Ship to Multiple Addresses","Saada mitmele aadressile",module,Magento_Multishipping
"Billing Information - %1","Arveldusandmed - %1",module,Magento_Multishipping
Total,Kokku,module,Magento_Multishipping
"Edit Address","Muuda aadressi",module,Magento_Multishipping
"Edit Shipping Address","Muuda tarneaadressi",module,Magento_Multishipping
"Create Billing Address","Lisa arveldusaadress",module,Magento_Multishipping
"Create Shipping Address","Lisa tarneaadress",module,Magento_Multishipping
"Billing Information",Arveldusandmed,module,Magento_Multishipping
"Add New Address","Lisa uus aadress",module,Magento_Multishipping
"Back to Billing Information","Tagasi arveldusandmetesse",module,Magento_Multishipping
Product,Toode,module,Magento_Multishipping
Qty,Kogus,module,Magento_Multishipping
"Remove Item","Eemalda toode",module,Magento_Multishipping
"Remove item","Eemalda toode",module,Magento_Multishipping
"Enter a New Address","Sisesta uus aadress",module,Magento_Multishipping
"Back to Shopping Cart","Tagasi ostukorvi",module,Magento_Multishipping
"Billing Address",Arveldusaadress,module,Magento_Multishipping
Change,Vaheta,module,Magento_Multishipping
"Payment Method",Makseviis,module,Magento_Multishipping
"Back to Shipping Information","Tagasi tarneandmetesse",module,Magento_Multishipping
"Product Name","Toote nimi",module,Magento_Multishipping
"Shipping Method",Tarneviis,module,Magento_Multishipping
"Incl. Tax","Koos maksuga",module,Magento_Multishipping
Price,Hind,module,Magento_Multishipping
"Back to Select Addresses","Tagasi aadressi valimisse",module,Magento_Multishipping
"Continue Shopping","Jätka ostlemist",module,Magento_Multishipping
"Unsubscribe Selected","Eemalda valitud",module,Magento_Newsletter
Back,Tagasi,module,Magento_Newsletter
"Sender Name","Saatja nimi",module,Magento_Newsletter
"Sender Email","Saatja e-posti aadress",module,Magento_Newsletter
Message,Sõnum,module,Magento_Newsletter
Cancel,Tühista,module,Magento_Newsletter
Preview,Eelvaade,module,Magento_Newsletter
"Convert to Plain Text","Muuda lihttekstiks",module,Magento_Newsletter
Updated,Uuendatud,module,Magento_Newsletter
Action,Toiming,module,Magento_Newsletter
Newsletter,Uudiskiri,module,Magento_Newsletter
Cancelled,Tühistatud,module,Magento_Newsletter
Subscribe,Liitu,module,Magento_Newsletter
"Send Check to:","Saada tshekk:",module,Magento_OfflinePayments
"Purchase Order Number","Ostutellimuse Number",module,Magento_OfflinePayments
"Purchase Order Number: %1","Ostutellimuse Number: %1",module,Magento_OfflinePayments
Country,Riik,module,Magento_OfflineShipping
Region/State,Piirkond/maakond,module,Magento_OfflineShipping
"Zip/Postal Code",Sihtnumber,module,Magento_OfflineShipping
"Export CSV","Ekspordi CSV",module,Magento_OfflineShipping
"Free Shipping","Tasuta transport",module,Magento_OfflineShipping
No,Ei,module,Magento_OfflineShipping
"Ttl value ""%1"" is not valid. Please use only numbers equal or greater than zero.","TTL väärtus ""%1"" ei sobi. Kasutage ainult numbreid, mis on võrdne või suurem kui null.",module,Magento_PageCache
"Varnish Caching","Varnish vahemällu",module,Magento_PageCache
Month,Kuu,module,Magento_Payment
Year,Aasta,module,Magento_Payment
"Credit Card Type","Krediitkaardi tüüp",module,Magento_Payment
Discount,Allahindlus,module,Magento_Payment
"All Allowed Countries","Kõik lubatud riigid",module,Magento_Payment
"Please enter a valid credit card verification number.","Sisesta krediitkaardi kontrollkood.",module,Magento_Payment
Yes,Jah,module,Magento_Payment
No,Ei,module,Magento_Payment
"Expiration Date",Aegumiskuupäev,module,Magento_Payment
"Start Date",Alguskuupäev,module,Magento_Payment
Email,E-post,module,Magento_Paypal
"First Name",Eesnimi,module,Magento_Paypal
"Last Name",Perekonnanimi,module,Magento_Paypal
Status,Staatus,module,Magento_Paypal
Updated,Uuendatud,module,Magento_Paypal
Back,Tagasi,module,Magento_Paypal
Cancel,Tühista,module,Magento_Paypal
"General Information",Üldinfo,module,Magento_Paypal
Order,Tellimus,module,Magento_Paypal
Configure,Seadista,module,Magento_Paypal
Close,Sulge,module,Magento_Paypal
"Learn More","Tutvu lähemalt",module,Magento_Paypal
"Incl. Tax","Koos maksuga",module,Magento_Paypal
"Billing Information",Arveldusandmed,module,Magento_Paypal
Sales,Müük,module,Magento_Paypal
Active,Aktiivne,module,Magento_Paypal
Canceled,Tühistatud,module,Magento_Paypal
Dynamic,Dünaamiline,module,Magento_Paypal
Static,Staatiline,module,Magento_Paypal
Yes,Jah,module,Magento_Paypal
No,Ei,module,Magento_Paypal
Never,"Mitte kunagi",module,Magento_Paypal
"Payer ID","Maksja ID",module,Magento_Paypal
Complaint,Kaebus,module,Magento_Paypal
"Merchant Account","Kaupmehe konto",module,Magento_Paypal
"Transaction ID","Kande ID",module,Magento_Paypal
"Invoice ID","Arve ID",module,Magento_Paypal
"Start Date",Alguskuupäev,module,Magento_Paypal
"Order ID","Tellimuse ID",module,Magento_Paypal
Daily,"Iga päev",module,Magento_Paypal
Customer,Klient,module,Magento_Paypal
Status:,Staatus:,module,Magento_Paypal
"Order #","Tellimus #",module,Magento_Paypal
Date,Kuupäev,module,Magento_Paypal
"Order Status","Tellimuse staatus",module,Magento_Paypal
"View Order","Vaata tellimust",module,Magento_Paypal
"Payment Method",Makseviis,module,Magento_Paypal
View,Kuva,module,Magento_Paypal
"-- Please Select --","-- Vali --",module,Magento_Paypal
"Shipping Method",Tarneviis,module,Magento_Paypal
"Shipping Address",Tarneaadress,module,Magento_Paypal
Edit,Muuda,module,Magento_Paypal
Price,Hind,module,Magento_Paypal
Qty,Kogus,module,Magento_Paypal
Continue,Jätka,module,Magento_Paypal
"What is PayPal?","Mis on PayPal?",module,Magento_Paypal
"Your shopping cart has been updated with new prices.","Teie ostukorvi hinnad on uuendatud vastavalt uutele hindadele.",module,Magento_Persistent
"Welcome, %1!","Teretulemast, %1!",module,Magento_Persistent
"There are not enough parameters.","Ei ole piisavalt parameetreid.",module,Magento_ProductAlert
"You deleted the alert subscription.","Kustutasite hoiatuse teatiste tellimuse.",module,Magento_ProductAlert
"The product was not found.","Toodet ei leitud.",module,Magento_ProductAlert
Price:,Hind:,module,Magento_ProductAlert
"Get Video Information","Küsi Video teavet",module,Magento_ProductVideo
Discount,Allahindlus,module,Magento_Quote
"Customers by number of orders","Kliendid tellimuste arvu järgi",module,Magento_Reports
"Customers by Orders Total","Kliendid käibe järgi",module,Magento_Reports
"Date Used","Kasutatud kuupäev",module,Magento_Reports
Day,Päev,module,Magento_Reports
Month,Kuu,module,Magento_Reports
Year,Aasta,module,Magento_Reports
Yes,Jah,module,Magento_Reports
No,Ei,module,Magento_Reports
Refresh,Värskenda,module,Magento_Reports
Product,Toode,module,Magento_Reports
SKU,Laokood,module,Magento_Reports
"Excel XML","Exceli XML",module,Magento_Reports
Unlimited,Piiramatu,module,Magento_Reports
"Products Ordered","Tellitud tooted",module,Magento_Reports
"Show Report","Näita raportit",module,Magento_Reports
Interval,Intervall,module,Magento_Reports
Total,Kokku,module,Magento_Reports
Price,Hind,module,Magento_Reports
Customer,Klient,module,Magento_Reports
"Products Reviews",Tootearvustused,module,Magento_Reports
"Coupons Usage Report","Kupongide kasutusraport",module,Magento_Reports
"Coupon Code",Sooduskood,module,Magento_Reports
Discount,Allahindlus,module,Magento_Reports
Orders,Tellimused,module,Magento_Reports
Canceled,Tühistatud,module,Magento_Reports
"Abandoned carts","Hüljatud ostukorvid",module,Magento_Reports
Email,E-post,module,Magento_Reports
Products,Tooted,module,Magento_Reports
Quantity,Kogus,module,Magento_Reports
Updated,Uuendatud,module,Magento_Reports
"IP Address","IP aadress",module,Magento_Reports
Customers,Kliendid,module,Magento_Reports
"First Name",Eesnimi,module,Magento_Reports
"Last Name",Perekonnanimi,module,Magento_Reports
"Products in carts","Tooteid ostukorvis",module,Magento_Reports
Name,Nimi,module,Magento_Reports
"Product Reviews","Toote arvustused",module,Magento_Reports
Details,Üksikasjad,module,Magento_Reports
Sales,Müük,module,Magento_Reports
Coupons,Kupongid,module,Magento_Reports
"Shopping Cart",Ostukorv,module,Magento_Reports
"Abandoned Carts","Hüljatud ostukorvid",module,Magento_Reports
"Select Date","Vali kuupäev",module,Magento_Reports
"Add to Cart","Lisa ostukorvi",module,Magento_Reports
"In stock",Laos,module,Magento_Reports
"Out of stock","Laost otsas",module,Magento_Reports
"Add to Compare","Lisa võrdlusesse",module,Magento_Reports
"New Review","Uus arvustus",module,Magento_Review
"Review Details","Vaata lähemalt",module,Magento_Review
Product,Toode,module,Magento_Review
"Product Rating","Hinnang tootele",module,Magento_Review
Status,Staatus,module,Magento_Review
Visibility,Nähtavus,module,Magento_Review
Previous,Eelmine,module,Magento_Review
Next,Järgmine,module,Magento_Review
"Delete Review","Kustuta arvustus",module,Magento_Review
Type,Tüüp,module,Magento_Review
SKU,Laokood,module,Magento_Review
Action,Toiming,module,Magento_Review
Edit,Muuda,module,Magento_Review
Delete,Kustuta,module,Magento_Review
"Are you sure?",Kindel?,module,Magento_Review
Customer,Klient,module,Magento_Review
"Pending Reviews","Ootel arvustused",module,Magento_Review
"All Reviews","Kõik arvustused",module,Magento_Review
Name,Nimi,module,Magento_Review
Price,Hind,module,Magento_Review
Quantity,Kogus,module,Magento_Review
"Manage Ratings","Halda reitinguid",module,Magento_Review
"Add New Rating","Lisa uus reiting",module,Magento_Review
"Save Rating","Salvesta reiting",module,Magento_Review
"Delete Rating","Kustuta reiting",module,Magento_Review
"New Rating","Uus reiting",module,Magento_Review
"Default Value",Vaikeväärtus,module,Magento_Review
"Sort Order","Sorteerimise järjekord",module,Magento_Review
"Product Reviews","Toote arvustused",module,Magento_Review
"Pending Reviews RSS","Ootel arvustuste RSS",module,Magento_Review
Approved,Kinnitatud,module,Magento_Review
Pending,Ootel,module,Magento_Review
"Product Name","Toote nimi",module,Magento_Review
Back,Tagasi,module,Magento_Review
"Average Customer Rating:","Keskmine hinnang:",module,Magento_Review
"Back to My Reviews","Tagasi Minu arvustustesse",module,Magento_Review
"Be the first to review this product","Ole esimene arvustaja",module,Magento_Review
"* Required Fields","* Kohustuslikud väljad",module,Magento_Review
Summary,Kokkuvõte,module,Magento_Review
"Add Your Review","Lisa arvustus",module,Magento_Review
"Average Customer Rating","Keskmine hinnang",module,Magento_Review
Apply,Rakenda,module,Magento_Rule
"Perform following actions","Teosta järgmised toimingud",module,Magento_Rule
is,on,module,Magento_Rule
"is not",pole,module,Magento_Rule
"greater than","suurem kui",module,Magento_Rule
"less than","väiksem kui",module,Magento_Rule
"is one of",kuulub,module,Magento_Rule
"is not one of","ei kuulu",module,Magento_Rule
Add,Lisa,module,Magento_Rule
Remove,Eemalda,module,Magento_Rule
ALL,KÕIK,module,Magento_Rule
ANY,MÕNI,module,Magento_Rule
TRUE,ÕIGE,module,Magento_Rule
FALSE,VALE,module,Magento_Rule
"Conditions Combination","Tingimuste kombinatsioon",module,Magento_Rule
"Attribute Set",Atribuudikogum,module,Magento_Rule
Category,Kategooria,module,Magento_Rule
"Add New Rule","Lisa uus reegel",module,Magento_SalesRule
"Save and Continue Edit","Salvesta ja jätka muutmist",module,Magento_SalesRule
"Edit Rule '%1'","Muuda reeglit '%1'",module,Magento_SalesRule
"New Rule","Uus reegel",module,Magento_SalesRule
Actions,Toimingud,module,Magento_SalesRule
Apply,Rakenda,module,Magento_SalesRule
Yes,Jah,module,Magento_SalesRule
No,Ei,module,Magento_SalesRule
Conditions,Tingimused,module,Magento_SalesRule
"Manage Coupon Codes","Halda sooduskoode",module,Magento_SalesRule
"Code Length","Koodi pikkus",module,Magento_SalesRule
"Excluding prefix, suffix and separators.","Ilma ees- ja järeliite ning eraldussümboliteta.",module,Magento_SalesRule
"Code Format","Koodi ülesehitus",module,Magento_SalesRule
"Code Prefix","Koodi eesliides",module,Magento_SalesRule
"Code Suffix","Koodi järelliides",module,Magento_SalesRule
"Coupon Code",Sooduskood,module,Magento_SalesRule
"Times Used","Kordi kasutatud",module,Magento_SalesRule
"Excel XML","Exceli XML",module,Magento_SalesRule
Delete,Kustuta,module,Magento_SalesRule
"General Information",Üldinfo,module,Magento_SalesRule
"Rule Name","Reegli nimi",module,Magento_SalesRule
Description,Kirjeldus,module,Magento_SalesRule
Status,Staatus,module,Magento_SalesRule
Active,Aktiivne,module,Magento_SalesRule
Inactive,Mitteaktiivne,module,Magento_SalesRule
"Customer Groups",Kliendigrupid,module,Magento_SalesRule
Coupon,Kupong,module,Magento_SalesRule
Priority,Prioriteet,module,Magento_SalesRule
"Edit Rule","Muuda reeglit",module,Magento_SalesRule
Catalog,Kataloog,module,Magento_SalesRule
Alphanumeric,"Numbrid ja tähed",module,Magento_SalesRule
Discount,Allahindlus,module,Magento_SalesRule
"Total Weight",Kogukaal,module,Magento_SalesRule
"Payment Method",Makseviis,module,Magento_SalesRule
"Shipping Method",Tarneviis,module,Magento_SalesRule
"Shipping Postcode",Tarneindeks,module,Magento_SalesRule
"Shipping Region",Tarnepiirkond,module,Magento_SalesRule
"Shipping State/Province",Tarneosariik/-maakond,module,Magento_SalesRule
"Shipping Country",Tarneriik,module,Magento_SalesRule
"Conditions combination","Tingimuste kombinatsioon",module,Magento_SalesRule
"Price in cart","Hind ostukorvis",module,Magento_SalesRule
"Conditions Combination","Tingimuste kombinatsioon",module,Magento_SalesRule
"Product Attribute",Tooteatribuut,module,Magento_SalesRule
is,on,module,Magento_SalesRule
"is not",pole,module,Magento_SalesRule
"greater than","suurem kui",module,Magento_SalesRule
"less than","väiksem kui",module,Magento_SalesRule
"is one of",kuulub,module,Magento_SalesRule
"is not one of","ei kuulu",module,Magento_SalesRule
"Credit Memos",Kreeditarved,module,Magento_Sales
Orders,Tellimused,module,Magento_Sales
Invoices,Arved,module,Magento_Sales
"Create New Order","Loo uus tellimus",module,Magento_Sales
Cancel,Tühista,module,Magento_Sales
"Billing Address",Arveldusaadress,module,Magento_Sales
"Payment Method",Makseviis,module,Magento_Sales
Coupons,Kupongid,module,Magento_Sales
"Account Information","Konto andmed",module,Magento_Sales
Message,Sõnum,module,Magento_Sales
Configure,Seadista,module,Magento_Sales
Product,Toode,module,Magento_Sales
SKU,Laokood,module,Magento_Sales
Price,Hind,module,Magento_Sales
Select,Vali,module,Magento_Sales
Quantity,Kogus,module,Magento_Sales
"Shipping Address",Tarneaadress,module,Magento_Sales
"Shipping Method",Tarneviis,module,Magento_Sales
"Shopping Cart",Ostukorv,module,Magento_Sales
"Clear Shopping Cart","Tühjenda ostukorv",module,Magento_Sales
Print,Trüki,module,Magento_Sales
"Credit Memo",Kreeditarve,module,Magento_Sales
"Order Status","Tellimuse staatus",module,Magento_Sales
"New Order Status","Uue tellimuse staatus",module,Magento_Sales
Edit,Muuda,module,Magento_Sales
Invoice,Arve,module,Magento_Sales
Reorder,"Telli uuesti",module,Magento_Sales
Shipments,Saatedokumendid,module,Magento_Sales
Yes,Jah,module,Magento_Sales
No,Ei,module,Magento_Sales
Back,Tagasi,module,Magento_Sales
Key,Võti,module,Magento_Sales
Value,Väärtus,module,Magento_Sales
Sales,Müük,module,Magento_Sales
"New Invoice","Uus arve",module,Magento_Sales
"Go to Home Page",Avalehele,module,Magento_Sales
Pending,Ootel,module,Magento_Sales
Canceled,Tühistatud,module,Magento_Sales
Shipped,Saadetud,module,Magento_Sales
Order,Tellimus,module,Magento_Sales
Products,Tooted,module,Magento_Sales
Qty,Kogus,module,Magento_Sales
"Excl. Tax","Ilma maksuta",module,Magento_Sales
"Incl. Tax","Koos maksuga",module,Magento_Sales
City,Linn,module,Magento_Sales
Company,Ettevõte,module,Magento_Sales
Country,Riik,module,Magento_Sales
Email,E-post,module,Magento_Sales
"First Name",Eesnimi,module,Magento_Sales
"Last Name",Perekonnanimi,module,Magento_Sales
State/Province,Osariik/maakond,module,Magento_Sales
"Street Address","Tänav, maja",module,Magento_Sales
"Zip/Postal Code",Sihtnumber,module,Magento_Sales
Closed,Suletud,module,Magento_Sales
View,Kuva,module,Magento_Sales
Customer,Klient,module,Magento_Sales
"Apply Coupon Code","Rakenda sooduskood",module,Magento_Sales
Apply,Rakenda,module,Magento_Sales
"Remove Coupon Code","Eemalda sooduskood",module,Magento_Sales
Remove,Eemalda,module,Magento_Sales
"Add New Address","Lisa uus aadress",module,Magento_Sales
Action,Toiming,module,Magento_Sales
Refresh,Värskenda,module,Magento_Sales
"Gift Message",Kinkesõnum,module,Magento_Sales
Message:,Sõnum:,module,Magento_Sales
Status,Staatus,module,Magento_Sales
Comment,Kommentaar,module,Magento_Sales
"Customer Name","Kliendi nimi",module,Magento_Sales
"Customer Group",Kliendigrupp,module,Magento_Sales
"Transaction ID","Kande ID",module,Magento_Sales
"Order ID","Tellimuse ID",module,Magento_Sales
Continue,Jätka,module,Magento_Sales
"Product Name","Toote nimi",module,Magento_Sales
"Order #","Tellimus #",module,Magento_Sales
Date,Kuupäev,module,Magento_Sales
"View Order","Vaata tellimust",module,Magento_Sales
Close,Sulge,module,Magento_Sales
"Add to Cart","Lisa ostukorvi",module,Magento_Sales
"Some emails were not sent.","Mõned e-kirjad jäid saatmata.",module,Magento_SendFriend
Name,Nimi,module,Magento_SendFriend
"* Required Fields","* Kohustuslikud väljad",module,Magento_SendFriend
Back,Tagasi,module,Magento_SendFriend
"Submit Shipment","Saada postitus",module,Magento_Shipping
"The value that you entered is not valid.","Teie sisestatud väärtus ei sobi.",module,Magento_Shipping
Add,Lisa,module,Magento_Shipping
Print,Trüki,module,Magento_Shipping
Shipments,Saatedokumendid,module,Magento_Shipping
"New Shipment","Uus saadetis",module,Magento_Shipping
"All Allowed Countries","Kõik lubatud riigid",module,Magento_Shipping
Packages,Pakid,module,Magento_Shipping
Package,Pakk,module,Magento_Shipping
Type,Tüüp,module,Magento_Shipping
Length,Pikkus,module,Magento_Shipping
Width,Laius,module,Magento_Shipping
"Total Weight",Kogukaal,module,Magento_Shipping
Height,Kõrgus,module,Magento_Shipping
Size,Suurus,module,Magento_Shipping
Product,Toode,module,Magento_Shipping
Qty,Kogus,module,Magento_Shipping
Percent,Protsent,module,Magento_Shipping
"Incl. Tax","Koos maksuga",module,Magento_Shipping
"Product Name","Toote nimi",module,Magento_Shipping
Delete,Kustuta,module,Magento_Shipping
Cancel,Tühista,module,Magento_Shipping
Action,Toiming,module,Magento_Shipping
"Are you sure?",Kindel?,module,Magento_Shipping
SKU,Laokood,module,Magento_Shipping
Status:,Staatus:,module,Magento_Shipping
Weight:,Kaal:,module,Magento_Shipping
Location,Asukoht,module,Magento_Shipping
Date,Kuupäev,module,Magento_Shipping
"Local Time","Kohalik aeg",module,Magento_Shipping
Description,Kirjeldus,module,Magento_Shipping
"Close Window","Sulge aken",module,Magento_Shipping
"Edit Sitemap","Muuda SiteMap'i",module,Magento_Sitemap
"Store View",Poevaade,module,Magento_Sitemap
"Add Sitemap","Lisa Sitemap",module,Magento_Sitemap
Catalog,Kataloog,module,Magento_Sitemap
Always,Alati,module,Magento_Sitemap
Hourly,"Iga tund",module,Magento_Sitemap
Daily,"Iga päev",module,Magento_Sitemap
Weekly,"Iga nädal",module,Magento_Sitemap
Monthly,"Iga kuu",module,Magento_Sitemap
Yearly,"Iga aasta",module,Magento_Sitemap
Never,"Mitte kunagi",module,Magento_Sitemap
All,Kõik,module,Magento_Sitemap
"All Store Views","Kõik poevaated",module,Magento_Store
"-- Please Select --","-- Vali --",module,Magento_Store
"Tax Identifier","Maksu tunnus",module,Magento_Tax
Country,Riik,module,Magento_Tax
"Add New Tax Rate","Lisa uus maksumäär",module,Magento_Tax
Back,Tagasi,module,Magento_Tax
"Delete Rate","Kustuta määr",module,Magento_Tax
"Add New Tax Rule","Lisa uus maksureegel",module,Magento_Tax
"Delete Rule","Kustuta reegel",module,Magento_Tax
"Save and Continue Edit","Salvesta ja jätka muutmist",module,Magento_Tax
Name,Nimi,module,Magento_Tax
"Customer Tax Class","Kliendi maksuklass",module,Magento_Tax
Priority,Prioriteet,module,Magento_Tax
"Sort Order","Sorteerimise järjekord",module,Magento_Tax
Sales,Müük,module,Magento_Tax
"Edit Tax Rate","Muuda maksumäära",module,Magento_Tax
"Edit Rule","Muuda reeglit",module,Magento_Tax
"New Rule","Uus reegel",module,Magento_Tax
"Shipping Address",Tarneaadress,module,Magento_Tax
"Billing Address",Arveldusaadress,module,Magento_Tax
Code,Kood,module,Magento_Tax
"Unit Price","Ühiku hind",module,Magento_Tax
Total,Kokku,module,Magento_Tax
"Incl. Tax","Koos maksuga",module,Magento_Tax
"Excl. Tax","Ilma maksuta",module,Magento_Tax
Save,Salvesta,module,Magento_Tax
"Add New Class","Lisa uus klass",module,Magento_Tax
"Save and Continue Edit","Salvesta ja jätka muutmist",module,Magento_Theme
Manage,Halda,module,Magento_Theme
"Media Storage","Meedia hoidla",module,Magento_Theme
"-- Please Select --","-- Vali --",module,Magento_Theme
Remove,Eemalda,module,Magento_Theme
"Report All Bugs","Teavita leitud vigadest",module,Magento_Theme
Previous,Eelmine,module,Magento_Theme
Next,Järgmine,module,Magento_Theme
Close,Sulge,module,Magento_Theme
"Embedded (Translation on Admin side)","Põimitud (tõlge Admin poolel)",module,Magento_Translation
"UPS Second Day Air","UPS teise päeva Lennupost",module,Magento_Ups
"UPS Worldwide Expedited","UPS kogu maailmas ekspedeeritud",module,Magento_Ups
"Add URL Rewrite for a Category","Lisa URL-i suunamine kategooriale",module,Magento_UrlRewrite
Name,Nimi,module,Magento_UrlRewrite
SKU,Laokood,module,Magento_UrlRewrite
Status,Staatus,module,Magento_UrlRewrite
"Store View",Poevaade,module,Magento_UrlRewrite
Back,Tagasi,module,Magento_UrlRewrite
Delete,Kustuta,module,Magento_UrlRewrite
Save,Salvesta,module,Magento_UrlRewrite
Description,Kirjeldus,module,Magento_UrlRewrite
Store,Pood,module,Magento_UrlRewrite
No,Ei,module,Magento_UrlRewrite
"Temporary (302)","Ajutine (302)",module,Magento_UrlRewrite
"Permanent (301)","Püsiv (301)",module,Magento_UrlRewrite
"Select Category","Vali kategooria",module,Magento_UrlRewrite
Back,Tagasi,module,Magento_User
Reset,Tühista,module,Magento_User
"Save Role","Salvesta roll",module,Magento_User
"User Name",Kasutajatunnus,module,Magento_User
"First Name",Eesnimi,module,Magento_User
"Last Name",Perekonnanimi,module,Magento_User
Email,E-post,module,Magento_User
Status,Staatus,module,Magento_User
Active,Aktiivne,module,Magento_User
Inactive,Mitteaktiivne,module,Magento_User
"Account Information","Konto andmed",module,Magento_User
Password,Salasõna,module,Magento_User
"New Password","Uus salasõna",module,Magento_User
"Password Confirmation","Salasõna kinnitus",module,Magento_User
Role,Roll,module,Magento_User
System,Süsteem,module,Magento_User
Permissions,Õigused,module,Magento_User
"Forgot your password?","Unustasid salasõna?",module,Magento_User
"Confirm New Password","Kinnita uus salasõna",module,Magento_User
All,Kõik,module,Magento_User
"First-Class Mail Letter","Esimese klassi posti kiri",module,Magento_Usps
Yes,Jah,module,Magento_Usps
No,Ei,module,Magento_Usps
Sample,Näidis,module,Magento_Usps
Gift,Kink,module,Magento_Usps
"Operation allowed only in HTTPS","Toiming on lubatud ainult HTTPS'i kasutades",module,Magento_Webapi
"Not allowed parameters: %1. Please use only %2 and %3.","Pole lubatud parameetrid: %1. Kasutage ainult %2 ja %3.",module,Magento_Webapi
"Delete Tax","Kustutada see maks",module,Magento_Weee
Action,Toiming,module,Magento_Weee
"Insert Widget","Vidina lisamine",module,Magento_Widget
Choose...,Vali...,module,Magento_Widget
Close,Sulge,module,Magento_Widget
"-- Please Select --","-- Vali --",module,Magento_Widget
"Save and Continue Edit","Salvesta ja jätka muutmist",module,Magento_Widget
Type,Tüüp,module,Magento_Widget
"Sort Order","Sorteerimise järjekord",module,Magento_Widget
Categories,Kategooriad,module,Magento_Widget
"All Product Types","Kõik tootetüübid",module,Magento_Widget
Products,Tooted,module,Magento_Widget
Settings,Seaded,module,Magento_Widget
Continue,Jätka,module,Magento_Widget
CMS,Sisuhaldus,module,Magento_Widget
All,Kõik,module,Magento_Widget
Apply,Rakenda,module,Magento_Widget
"Wish List Sharing","Soovinimekirja jagamine",module,Magento_Wishlist
"%1's Wish List","%1's Soovilist",module,Magento_Wishlist
Comment,Kommentaar,module,Magento_Wishlist
Message,Sõnum,module,Magento_Wishlist
"Add All to Cart","Lisa kõik ostukorvi",module,Magento_Wishlist
"Add to Cart","Lisa ostukorvi",module,Magento_Wishlist
Availability,Saadavus,module,Magento_Wishlist
"In stock",Laos,module,Magento_Wishlist
"Out of stock","Laost otsas",module,Magento_Wishlist
Edit,Muuda,module,Magento_Wishlist
"Remove Item","Eemalda toode",module,Magento_Wishlist
"Remove item","Eemalda toode",module,Magento_Wishlist
"Add to Compare","Lisa võrdlusesse",module,Magento_Wishlist
Back,Tagasi,module,Magento_Wishlist
"* Required Fields","* Kohustuslikud väljad",module,Magento_Wishlist
"Remove This Item","Eemalda toode",module,Magento_Wishlist
"Shop By",Vali,theme,frontend/Magento/luma
Cancel,Tühista,module,Magento_Catalog
"unselect all","tühista kõik",module,Magento_Catalog
"Incl. Tax","Koos maksuga",module,Magento_ConfigurableProduct
"Add Selected Products","Lisage valitud tooted",module,Magento_GroupedProduct
Allow,Luba,module,Magento_Integration
Done,Valmis,module,Magento_Integration
"Add Products","Lisa toode",module,Magento_Sales
"Use HTTPS to Get Feed","Voo saamiseks kasuta HTTPS",module,Magento_AdminNotification
"Update Frequency","Uuenduste sagedus",module,Magento_AdminNotification
"Last Update","Viimane uuendus",module,Magento_AdminNotification
Severity,Raskusaste,module,Magento_AdminNotification
"Date Added",Lisamiskuupäev,module,Magento_AdminNotification
Message,Sõnum,module,Magento_AdminNotification
Actions,Toimingud,module,Magento_AdminNotification
Enabled,Lubatud,module,Magento_Authorizenet
"New Order Status","Uue tellimuse staatus",module,Magento_Authorizenet
"Test Mode",Testrežiim,module,Magento_Authorizenet
"Accepted Currency","Lubatud valuutad",module,Magento_Authorizenet
Debug,Silumine,module,Magento_Authorizenet
"Credit Card Types","Krediitkaardi tüübid",module,Magento_Authorizenet
"Sort Order","Sorteerimise järjekord",module,Magento_Authorizenet
"Sender Email","Saatja e-posti aadress",module,Magento_Backend
"Sender Name","Saatja nimi",module,Magento_Backend
"General Contact",Üldkontakt,module,Magento_Backend
"Sales Representative",Müügiesindaja,module,Magento_Backend
Design,Kujundus,module,Magento_Backend
Debug,Silumine,module,Magento_Backend
"Allow Symlinks","Luba symlinke",module,Magento_Backend
"Translate Inline","Dünaamiline tõlkimine",module,Magento_Backend
"JavaScript Settings","JavaScripti seaded",module,Magento_Backend
"Merge JavaScript Files","Liida JavaScripti failid",module,Magento_Backend
"CSS Settings","CSS seaded",module,Magento_Backend
"Merge CSS Files","Liida CSS failid",module,Magento_Backend
"Allow Countries","Lubatud riigid",module,Magento_Backend
"Default Country",Vaikeriik,module,Magento_Backend
Timezone,Ajatsoon,module,Magento_Backend
"First Day of Week","Nädala esimene päev",module,Magento_Backend
Country,Riik,module,Magento_Backend
"ZIP/Postal Code",Postiindeks,module,Magento_Backend
City,Linn,module,Magento_Backend
"Street Address","Tänav, maja",module,Magento_Backend
"Startup Page",Avaleht,module,Magento_Backend
"Enable Charts","Luba graafikud",module,Magento_Backend
"Base URL",BaasURL,module,Magento_Backend
"Secure Base URL","Turvaline baasURL",module,Magento_Backend
Description,Kirjeldus,module,Magento_Backend
"Start Time",Algusaeg,module,Magento_Backup
Frequency,Sagedus,module,Magento_Backup
Delete,Kustuta,module,Magento_Backup
Name,Nimi,module,Magento_Backup
Type,Tüüp,module,Magento_Backup
Download,"Lae alla",module,Magento_Backup
Action,Toiming,module,Magento_Backup
Debug,Silumine,module,Magento_Braintree
"Credit Card Types","Krediitkaardi tüübid",module,Magento_Braintree
Font,Šrift,module,Magento_Captcha
"Case Sensitive",Tõstutundlik,module,Magento_Captcha
"Display Out of Stock Products","Näita tooteid mida laos pole",module,Magento_CatalogInventory
"Manage Stock","Halda laoseisu",module,Magento_CatalogInventory
Backorders,Järeltellimused,module,Magento_CatalogInventory
"Popular Search Terms","Populaarsemad otsisõnad",module,Magento_CatalogSearch
"Minimal Query Length","Lühim päringu pikkus",module,Magento_CatalogSearch
"Maximum Query Length","Maksimaalne otsingu pikkus",module,Magento_CatalogSearch
Comma-separated.,"Komaga eraldatud.",module,Magento_Catalog
"Watermark Default Size","Vesimärgi vaikesuurus",module,Magento_Catalog
"Watermark Opacity, Percent","Vesimärgi hägusus, protsentides",module,Magento_Catalog
Watermark,Vesimärk,module,Magento_Catalog
"Watermark Position","Vesimärgi asukoht",module,Magento_Catalog
"All products","Kõik tooted",module,Magento_Catalog
"Change status","Muuda staatust",module,Magento_Catalog
Details,Üksikasjad,module,Magento_Catalog
"Allow Guest Checkout","Luba ostu vormistamist külalisena",module,Magento_Checkout
"After Adding a Product Redirect to Shopping Cart","Pärast toote lisamist suuna ostukorvi",module,Magento_Checkout
"Shipping Address",Tarneaadress,module,Magento_Checkout
Contacts,Kontaktid,module,Magento_Contact
"Contact Us","Võta ühendust",module,Magento_Contact
"Email Options","E-posti parameetrid",module,Magento_Contact
"Email Sender","E-posti saatja",module,Magento_Contact
"Email Template","E-kirja põhi",module,Magento_Contact
"Excel XML","Exceli XML",module,Magento_CustomerImportExport
"Default Group",Vaikegrupp,module,Magento_Customer
"Email Sender","E-posti saatja",module,Magento_Customer
Group,Grupp,module,Magento_Customer
"Customer Since","Klient alates",module,Magento_Customer
"First Name",Eesnimi,module,Magento_Customer
"Last Name",Perekonnanimi,module,Magento_Customer
Type,Tüüp,module,Magento_Customer
"Front-end development workflow","Frontend töövoog",module,Magento_Developer
"Not available in production mode","Ei ole kättesaadav produktsiooni moodis",module,Magento_Developer
"Developer Client Restrictions","Ligipääsu piirang arendajatele",module,Magento_Developer
Password,Salasõna,module,Magento_Dhl
"Account Number",Kontonumber,module,Magento_Dhl
"Weight Unit",Kaaluühik,module,Magento_Dhl
Size,Suurus,module,Magento_Dhl
"Allowed Methods","Lubatud meetodid",module,Magento_Dhl
"Sort Order","Sorteerimise järjekord",module,Magento_Dhl
Debug,Silumine,module,Magento_Dhl
"Base Currency",Baasvaluuta,module,Magento_Directory
"Allowed Currencies","Lubatud valuutad",module,Magento_Directory
Enabled,Lubatud,module,Magento_Directory
"Error Email Recipient","Veateavituse e-kirja saaja",module,Magento_Directory
"Error Email Sender","Veateavituse e-kirja saatja",module,Magento_Directory
"Error Email Template","Veateavituse e-kirja põhi",module,Magento_Directory
Frequency,Sagedus,module,Magento_Directory
"Start Time",Algusaeg,module,Magento_Directory
"Open Links in New Window","Ava viited uues aknas",module,Magento_Downloadable
"Disable Guest Checkout if Cart Contains Downloadable Items","Keela võimalus vormistada ost külalisena kui korvis on allalaetavaid tooteid",module,Magento_Downloadable
Updated,Uuendatud,module,Magento_Email
Action,Toiming,module,Magento_Email
Key,Võti,module,Magento_Fedex
Password,Salasõna,module,Magento_Fedex
"Allowed Methods","Lubatud meetodid",module,Magento_Fedex
Debug,Silumine,module,Magento_Fedex
"Sort Order","Sorteerimise järjekord",module,Magento_Fedex
Enable,Luba,module,Magento_GoogleAdwords
Enable,Luba,module,Magento_GoogleAnalytics
"Account Number",Kontonumber,module,Magento_GoogleAnalytics
Description,Kirjeldus,module,Magento_Indexer
Mode,Režiim,module,Magento_Indexer
Status,Staatus,module,Magento_Indexer
Updated,Uuendatud,module,Magento_Indexer
Status,Staatus,module,Magento_Integration
"Error Code",Veakood,module,Magento_Newsletter
"Error Text",Veatekst,module,Magento_Newsletter
Status,Staatus,module,Magento_Newsletter
Recipients,Saajad,module,Magento_Newsletter
Delete,Kustuta,module,Magento_Newsletter
"Excel XML","Exceli XML",module,Magento_Newsletter
Email,E-post,module,Magento_Newsletter
Type,Tüüp,module,Magento_Newsletter
Customer,Klient,module,Magento_Newsletter
"Customer First Name","Kliendi eesnimi",module,Magento_Newsletter
"Customer Last Name","Kliendi perekonnanimi",module,Magento_Newsletter
Store,Pood,module,Magento_Newsletter
"Store View",Poevaade,module,Magento_Newsletter
Enabled,Lubatud,module,Magento_OfflinePayments
"New Order Status","Uue tellimuse staatus",module,Magento_OfflinePayments
"Sort Order","Sorteerimise järjekord",module,Magento_OfflinePayments
Enabled,Lubatud,module,Magento_OfflineShipping
Price,Hind,module,Magento_OfflineShipping
"Sort Order","Sorteerimise järjekord",module,Magento_OfflineShipping
Type,Tüüp,module,Magento_OfflineShipping
Export,Eksport,module,Magento_OfflineShipping
"Full Page Cache","Kogu lehekülje vahemälu",module,Magento_PageCache
"Merchant Location","Kaupmehe asukoht",module,Magento_Paypal
"Merchant Country","Kaupmehe riik",module,Magento_Paypal
"Home Page",Avaleht,module,Magento_Paypal
Size,Suurus,module,Magento_Paypal
"Sort Order","Sorteerimise järjekord",module,Magento_Paypal
"Debug Mode","Debug režiim",module,Magento_Paypal
Enabled,Lubatud,module,Magento_Paypal
Password,Salasõna,module,Magento_Paypal
"Test Mode",Testrežiim,module,Magento_Paypal
"Allowed Credit Card Types","Lubatud krediitkaarditüübid",module,Magento_Paypal
"Enable ""Remember Me""","Luba ""Jäta mind meelde""",module,Magento_Persistent
"""Remember Me"" Default Value","""Jäta mind meelde"" vaikeväärtust",module,Magento_Persistent
Frequency,Sagedus,module,Magento_ProductAlert
"Start Time",Algusaeg,module,Magento_ProductAlert
"Error Email Recipient","Veateavituse e-kirja saaja",module,Magento_ProductAlert
"Error Email Sender","Veateavituse e-kirja saatja",module,Magento_ProductAlert
"Error Email Template","Veateavituse e-kirja põhi",module,Magento_ProductAlert
Dashboard,Töölaud,module,Magento_Reports
Average,Keskmine,module,Magento_Reports
Action,Toiming,module,Magento_Reports
Description,Kirjeldus,module,Magento_Reports
"Allow Guests to Write Reviews","Luba arvustada sisse logimata",module,Magento_Review
Active,Aktiivne,module,Magento_Review
Inactive,Mitteaktiivne,module,Magento_Review
"RSS Feeds","RSS vood",module,Magento_Rss
Address,Aadress,module,Magento_Sales
Enable,Luba,module,Magento_Sales
Dashboard,Töölaud,module,Magento_Sales
Enabled,Lubatud,module,Magento_Sales
Name,Nimi,module,Magento_Sales
"Search Engine",Otsimootor,module,Magento_Search
"Email to a Friend","Saada sõbrale",module,Magento_SendFriend
"Email Templates","E-posti põhjad",module,Magento_SendFriend
Enabled,Lubatud,module,Magento_SendFriend
"Allow for Guests","Luba registreerimata kasutajatele",module,Magento_SendFriend
"Max Recipients","Maksimaalne saajate hulk",module,Magento_SendFriend
Country,Riik,module,Magento_Shipping
"ZIP/Postal Code",Postiindeks,module,Magento_Shipping
City,Linn,module,Magento_Shipping
"Street Address","Tänav, maja",module,Magento_Shipping
Frequency,Sagedus,module,Magento_Sitemap
Priority,Prioriteet,module,Magento_Sitemap
Enabled,Lubatud,module,Magento_Sitemap
"Error Email Recipient","Veateavituse e-kirja saaja",module,Magento_Sitemap
"Error Email Sender","Veateavituse e-kirja saatja",module,Magento_Sitemap
"Error Email Template","Veateavituse e-kirja põhi",module,Magento_Sitemap
"Start Time",Algusaeg,module,Magento_Sitemap
Action,Toiming,module,Magento_Sitemap
"Default Country",Vaikeriik,module,Magento_Tax
"1 column","1 veerg",module,Magento_Theme
"HTML Head","HTML päis",module,Magento_Theme
"Favicon Icon","Faviconi pilt",module,Magento_Theme
"Allowed file types: ICO, PNG, GIF, JPG, JPEG, APNG, SVG. Not all browsers support all these formats!","Lubatud formaadid: ICO, PNG, GIF, JPG, JPEG, APNG, SVN. Mitte kõik brauserid ei toeta kõiki formaate!",module,Magento_Theme
"Default Description",Vaikekirjeldus,module,Magento_Theme
"Miscellaneous Scripts","Täiendavad skriptid",module,Magento_Theme
"Display Demo Store Notice","Kuva testpoe teadet",module,Magento_Theme
Header,Päis,module,Magento_Theme
"Welcome Text",Tervitussõnum,module,Magento_Theme
Footer,Jalus,module,Magento_Theme
"Miscellaneous HTML","Täiendav HTML",module,Magento_Theme
"2 columns with left bar","2 veergu vasakpoolse ribaga",module,Magento_Theme
"2 columns with right bar","2 veergu parempoolse ribaga",module,Magento_Theme
"3 columns","3 veergu",module,Magento_Theme
Translations,Tõlked,module,Magento_Translation
"Allowed Methods","Lubatud meetodid",module,Magento_Ups
Password,Salasõna,module,Magento_Ups
"Sort Order","Sorteerimise järjekord",module,Magento_Ups
"Weight Unit",Kaaluühik,module,Magento_Ups
Mode,Režiim,module,Magento_Ups
Debug,Silumine,module,Magento_Ups
Action,Toiming,module,Magento_UrlRewrite
Edit,Muuda,module,Magento_UrlRewrite
"Password Lifetime (days)","Salasõna eluiga (päevades)",module,Magento_User
"Password Change","Parooli vahetus",module,Magento_User
Username,Kasutajatunnus,module,Magento_User
Password,Salasõna,module,Magento_Usps
Mode,Režiim,module,Magento_Usps
Size,Suurus,module,Magento_Usps
Width,Laius,module,Magento_Usps
Length,Pikkus,module,Magento_Usps
Height,Kõrgus,module,Magento_Usps
"Allowed Methods","Lubatud meetodid",module,Magento_Usps
Debug,Silumine,module,Magento_Usps
"Sort Order","Sorteerimise järjekord",module,Magento_Usps
"Display Prices In Product Lists","Näita hindu tootenimekirjades",module,Magento_Weee
"Display Prices On Product View Page","Näita hindu tootevaates",module,Magento_Weee
"Display Prices In Sales Modules","Näita hindu müügimoodulites",module,Magento_Weee
"Display Prices In Emails","Näita hindu e-kirjades",module,Magento_Weee
"Email Sender","E-posti saatja",module,Magento_Wishlist
"Email Template","E-kirja põhi",module,Magento_Wishlist
Enabled,Lubatud,module,Magento_Wishlist
"Product Name","Toote nimi",module,Magento_Wishlist
Quantity,Kogus,module,Magento_Wishlist
Action,Toiming,module,Magento_Wishlist
Configure,Seadista,module,Magento_Wishlist
Delete,Kustuta,module,Magento_Wishlist
Summary,Kokkuvõte,theme,frontend/Magento/blank
